{
  "hamming_loss": 0.478,
  "per_label_f1": {
    "Remediation_0": 0.5333333333333333,
    "Remediation_1": 0.5765765765765766,
    "Remediation_2": 0.5050505050505051,
    "Remediation_3": 0.5420560747663551,
    "Remediation_4": 0.5631067961165048
  },
  "micro_f1": 0.5447619047619048,
  "macro_f1": 0.5440246571686549,
  "label_support": {
    "Remediation_0": 50,
    "Remediation_1": 50,
    "Remediation_2": 53,
    "Remediation_3": 51,
    "Remediation_4": 52
  }
}