{
  "macro_f1": 0.3292478354978355,
  "per_class_metrics": {
    "Class_0": {
      "precision": 0.32432432432432434,
      "recall": 0.36363636363636365,
      "f1": 0.34285714285714286,
      "support": 33
    },
    "Class_1": {
      "precision": 0.42857142857142855,
      "recall": 0.3157894736842105,
      "f1": 0.36363636363636365,
      "support": 38
    },
    "Class_2": {
      "precision": 0.2571428571428571,
      "recall": 0.3103448275862069,
      "f1": 0.28125,
      "support": 29
    }
  },
  "confusion_matrix": [
    [
      12,
      8,
      13
    ],
    [
      13,
      12,
      13
    ],
    [
      12,
      8,
      9
    ]
  ],
  "overall_accuracy": 0.33
}